{"0": "Na", "1": "citizen_of", "2": "in0", "3": "in0-x", "4": "gpe0", "5": "member_of", "6": "agent_of", "7": "citizen_of-x", "8": "head_of_gov", "9": "institution_of", "10": "part_of", "11": "based_in0", "12": "based_in0-x", "13": "head_of", "14": "minister_of", "15": "minister_of-x", "16": "based_in2", "17": "product_of", "18": "head_of_gov-x", "19": "agent_of-x", "20": "head_of_state", "21": "head_of_state-x", "22": "agency_of", "23": "agency_of-x", "24": "ministry_of", "25": "in2", "26": "player_of", "27": "event_in0", "28": "mayor_of", "29": "award_received", "30": "parent_of", "31": "spouse_of", "32": "child_of", "33": "appears_in", "34": "vs", "35": "won_vs", "36": "spokesperson_of", "37": "in1", "38": "based_in1", "39": "based_in1-x", "40": "gpe1", "41": "created_by", "42": "law_of", "43": "coach_of", "44": "event_in2", "45": "signed_by", "46": "based_in2-x", "47": "present_in0", "48": "event_in", "49": "directed_by", "50": "character_in", "51": "plays_in", "52": "is_meeting", "53": "sanctions", "54": "sibling", "55": "advisor_of", "56": "brand_of", "57": "event_in0-x", "58": "artifact_of", "59": "gpe2", "60": "played_by", "61": "artifact_of-x", "62": "founder_of", "63": "royalty_of", "64": "event_in1", "65": "publisher"}