{"Na": 0, "citizen_of": 1, "in0": 2, "in0-x": 3, "gpe0": 4, "member_of": 5, "agent_of": 6, "citizen_of-x": 7, "head_of_gov": 8, "institution_of": 9, "part_of": 10, "based_in0": 11, "based_in0-x": 12, "head_of": 13, "minister_of": 14, "minister_of-x": 15, "based_in2": 16, "product_of": 17, "head_of_gov-x": 18, "agent_of-x": 19, "head_of_state": 20, "head_of_state-x": 21, "agency_of": 22, "agency_of-x": 23, "ministry_of": 24, "in2": 25, "player_of": 26, "event_in0": 27, "mayor_of": 28, "award_received": 29, "parent_of": 30, "spouse_of": 31, "child_of": 32, "appears_in": 33, "vs": 34, "won_vs": 35, "spokesperson_of": 36, "in1": 37, "based_in1": 38, "based_in1-x": 39, "gpe1": 40, "created_by": 41, "law_of": 42, "coach_of": 43, "event_in2": 44, "signed_by": 45, "based_in2-x": 46, "present_in0": 47, "event_in": 48, "directed_by": 49, "character_in": 50, "plays_in": 51, "is_meeting": 52, "sanctions": 53, "sibling": 54, "advisor_of": 55, "brand_of": 56, "event_in0-x": 57, "artifact_of": 58, "gpe2": 59, "played_by": 60, "artifact_of-x": 61, "founder_of": 62, "royalty_of": 63, "event_in1": 64, "publisher": 65}